category_id,game_id
2,8416
2,420
2,13671
2,2509
2,5361
2,7487
2,961
2,6635
2,13722
2,509
2,162
2,16330
2,14306
2,1689
2,491
2,469
2,12979
3,13348
2,10661
2,9608
2,15883
3,19124
2,94
2,10259
2,4680
2,274
2,992
3,9032
2,9344
2,3764
2,17540
2,16052
3,4368
2,84
2,187
2,17257
2,214
2,12472
2,14167
2,4370
3,12473
2,7326
2,18277
2,224
2,5151
2,11434
2,4272
3,11971
3,16277
2,373
3,7328
2,443
2,473
2,4180
2,877
2,2040
2,910
2,16579
2,9143
2,3719
2,1393
2,418
2,14547
2,7702
3,12218
2,1682
2,493
2,3092
2,1121
2,1984
2,89
2,3667
2,15040
3,9862
2,17201
2,14246
2,15752
2,12612
2,3342
3,10704
2,151
2,13571
2,6308
2,15743
2,15761
2,1017
2,321
2,1023
2,404
2,12694
3,199
2,773
2,11637
3,15811
2,13228
2,978
2,2257
3,2522
2,12096
2,1219
3,13435
2,5587
3,9335
2,3496
2,13628
2,17864
2,11723
2,16057
2,15318
3,5620
2,2775
2,185
2,11237
2,14909
3,8324
2,10061
3,195
3,409
2,6333
2,4369
2,12031
2,1273
3,19938
2,2210
3,386
2,4929
2,10461
3,3968
3,3085
3,14625
2,16457
2,9313
2,16748
3,379
2,14618
3,10115
3,620
2,4448
2,6085
2,3106
2,710
2,1005
3,2033
3,10694
2,1497
2,426
2,14594
2,74
2,15774
2,1226
2,15364
3,2072
2,6332
2,538
2,14540
2,17931
3,8188
3,1396
2,15765
3,12251
2,11101
2,1342
2,13085
3,30
2,1733
2,9645
2,3612
2,1894
2,1210
2,190
2,5332
2,48
2,138
2,97
3,4884
2,9382
2,7253
2,5233
2,1150
3,11528
2,9981
2,2121
2,1060
2,5280
3,4133
5,2584
5,5487
5,4303
5,415
5,7126
5,14122
5,4321
5,627
5,6431
5,7346
5,3480
5,11737
5,3831
5,9551
2,15664
5,16047
5,9684
5,11717
5,357
5,10843
5,9136
5,4062
5,5558
2,2588
5,11751
3,7836
3,2020
5,745
5,1651
5,5194
5,1270
5,4004
5,1296
5,3234
5,3625
5,2513
5,7073
2,467
5,371
5,3750
5,5059
5,19106
5,12003
5,7256
5,9856
2,5016
5,633
5,9087
5,13008
5,13558
5,15105
5,14675
5,17202
5,12417
5,367
5,194
5,3458
5,4867
5,7204
5,6160
5,372
6,2145
5,353
5,15766
5,5266
5,2163
5,7363
5,6579
5,7089
5,16053
2,4066
5,17669
5,5197
5,9437
5,19910
2,5625
2,5572
2,519
4,7501
2,12900
2,9150
5,17089
2,6552
2,9147
2,11808
2,423
2,14008
2,3961
2,13484
7,13704
5,14877
2,13425
5,5721
5,488
7,6534
2,501
2,5105
2,3303
2,4985
2,7607
5,13865
5,389
2,6411
2,13474
2,14264
5,9758
2,6059
2,118
2,7636
5,8709
2,4502
5,11794
2,6969
5,988
2,914
2,814
5,5938
5,3569
2,14586
5,13864
7,75
2,747
2,6395
5,9962
2,14657
5,2252
5,9519
2,821
2,7075
4,4212
5,9816
2,13663
2,14116
2,2116
2,6792
2,9331
2,8248
2,8485
5,15629
2,2185
2,14405
2,12697
2,1665
5,514
2,5223
5,16380
5,8314
5,4420
7,261
2,9664
2,2468
2,1468
5,17023
5,8128
4,909
5,9711
5,9710
2,348
8,534
4,785
8,10108
8,3154
8,946
2,4428
2,1002
8,11550
2,15174
8,15986
2,902
2,497
2,2385
4,2720
2,1000
8,852
2,13061
2,5521
8,16087
8,13356
8,15985
2,5180
8,3680
2,1148
2,8569
2,5660
2,9210
2,9804
2,5222
2,421
2,90
2,12189
2,14832
8,5986
2,8567
2,16927
2,6501
2,19110
2,9071
2,13341
2,6954
2,561
2,4658
2,6121
2,29
2,395
2,5603
5,4255
2,14443
2,2256
2,13512
2,77
2,7362
2,10647
2,8735
2,6941
2,6550
2,5890
4,10
5,13426
3,3120
7,969
2,78
2,5963
2,2014
2,450
2,238
2,4365
2,591
2,4357
8,10793
2,7241
5,682
2,4681
7,523
2,11169
4,11763
2,5712
2,13424
8,7212
2,13486
2,174
8,10833
8,9909
2,440
2,16070
8,816
3,9918
2,565
2,6353
2,9757
2,883
2,4362
8,2528
2,2502
2,6813
2,4701
5,3516
2,3954
8,932
2,812
2,11586
2,11849
2,7035
2,116
2,2501
2,2542
2,13332
2,17447
2,9830
2,3163
2,17276
2,19592
8,414
2,4438
2,599
5,9737
2,11939
2,175
4,4381
8,10349
2,817
8,3508
2,230
2,876
2,9814
5,178
2,448
2,14977
9,226
2,5588
2,221
5,2443
8,2248
3,577
3,2991
2,4065
2,17524
2,396
5,135
2,13259
2,375
2,809
2,258
2,566
2,553
7,5516
2,9509
2,3640
2,14596
7,5352
8,10012
2,83
2,12243
9,977
2,14406
2,181
2,9992
2,5657
2,91
8,1487
7,9772
2,4281
2,5311
2,14064
2,416
2,9852
2,581
2,5481
8,10039
2,8947
2,6891
8,7929
2,4374
2,4179
2,6841
2,583
8,6676
2,10757
2,5270
5,14060
8,5323
2,542
2,10619
2,3779
2,7707
2,16914
5,15778
5,1084
8,8595
2,2233
8,177
7,14
5,378
2,841
2,9742
7,968
8,9790
7,15064
5,9789
2,119
5,3237
2,2504
2,15776
2,28
2,13056
4,436
8,15210
8,5919
8,186
5,535
7,6131
5,5978
2,8809
2,93
2,5736
2,10810
2,924
2,2260
2,6444
8,8710
5,14030
5,17928
2,1324
5,81
2,5331
5,13386
5,10759
8,513
2,17567
5,5972
5,11108
5,2768
2,5243
2,15522
2,2214
2,7049
7,10362
5,369
5,359
8,15001
7,7523
3,733
2,18328
7,2500
2,15886
2,1146
2,34
5,8100
5,9868
7,5157
9,887
2,442
4,784
2,17255
8,5005
8,7728
5,8223
5,182
2,16124
7,9089
2,15365
8,4171
2,10049
5,9735
8,16946
2,505
2,827
2,3783
2,2093
3,2990
2,983
2,13258
2,2276
5,12169
2,9321
5,19722
9,179
5,9319
5,5679
3,2141
2,5892
5,10640
2,9278
2,5518
9,12037
2,10656
8,782
2,9552
8,589
9,2564
9,183
2,15119
5,6557
2,528
5,533
2,481
5,2061
8,1066
5,14626
5,76
4,15832
5,4119
5,4650
5,3979
5,9107
2,873
2,14375
2,211
7,223
2,5670
2,13841
2,9307
2,575
2,9866
2,9384
2,392
2,4674
8,764
2,121
5,6326
2,11732
2,9865
2,14667
5,1478
8,2321
2,5845
7,850
5,960
2,13343
2,456
5,12
5,8810
2,13144
5,515
2,134
2,227
2,1251
2,425
5,13629
2,7881
5,518
2,14526
5,8432
5,5420
8,3630
5,559
5,1422
2,439
3,5418
5,6609
2,12079
7,9074
2,5735
7,92
2,2534
2,1067
7,15947
2,972
5,5710
5,3926
2,11492
2,15939
8,11647
7,4213
5,394
7,2148
8,1247
2,2202
2,7316
2,11461
2,18979
2,4367
9,5296
8,1049
2,2119
5,3479
5,3517
7,7091
5,7261
2,8966
5,16237
5,1207
5,6282
5,2243
5,7011
2,3634
5,7123
8,8711
2,12176
2,14346
5,7376
5,430
2,9620
2,3739
2,4662
2,16639
5,11722
7,7484
5,7356
5,455
7,11020
2,1415
2,11811
2,9212
2,10861
2,17373
5,1688
2,6800
2,20444
5,5661
5,437
2,193
2,16753
7,2510
2,9372
2,479
7,1417
5,9311
9,584
9,2184
2,17004
5,6498
2,5596
5,2538
8,6798
2,5201
8,9665
2,188
5,1367
2,13215
2,15670
3,548
2,494
3,547
2,13550
5,3565
5,7415
5,1135
5,8373
7,13018
5,2559
8,836
5,413
5,4854
5,2306
2,11869
2,14979
2,2023
2,189
2,8918
5,10698
5,1009
7,3051
5,520
2,7071
5,449
2,4260
2,122
5,9037
3,579
2,6337
2,2310
5,14908
2,543
2,15960
2,10764
5,15356
2,16455
3,2992
8,14412
3,11
2,11776
2,14532
2,3585
8,4168
2,770
2,11715
5,4164
2,9641
7,13151
5,13807
8,2098
5,8472
2,15520
2,5189
2,14527
2,17628
2,574
8,14488
2,9045
7,475
5,17915
5,5984
8,5893
2,12224
2,17195
5,19937
2,14422
5,13682
2,7541
5,4331
5,2314
9,391
5,666
5,15549
7,844
2,17007
2,928
2,13239
2,12091
5,6082
5,237
2,13253
5,284
5,11304
5,13574
3,563
2,16050
2,843
8,11947
2,11924
2,1014
2,12714
5,9510
2,939
5,4874
2,2118
5,9733
5,17231
5,16048
5,11141
2,14105
2,12896
5,18780
2,18144
2,4148
2,4860
5,428
8,12114
2,11881
8,6558
5,7825
2,6496
2,655
7,15637
2,1137
2,9513
5,14776
3,558
5,11010
7,16518
5,18905
2,6994
2,11874
5,285
9,1697
5,13870
7,3781
8,1040
8,934
2,444
2,6642
2,718
3,6694
5,6278
5,15918
5,9692
8,313
5,9225
2,8570
9,2183
2,4663
7,3928
2,13696
5,5476
2,5957
5,17916
8,1527
2,14791
2,15508
2,9050
5,344
2,921
2,14678
5,16327
5,11595
2,115
4,6028
7,1793
2,16424
2,9844
8,8860
5,4434
2,13576
7,3726
2,2144
2,1277
2,5355
2,953
2,7992
5,3974
5,14627
2,4174
5,5172
2,127
2,16065
2,544
8,1125
5,2080
8,13660
8,948
2,1297
2,7181
5,15804
9,4089
2,15932
2,15455
8,17051
2,10206
8,2101
2,13515
5,254
7,6716
7,508
2,1128
9,1639
2,10541
2,512
7,622
7,8117
2,5623
7,15017
2,13664
2,10826
2,5272
3,2217
5,10673
2,6148
7,12352
2,3244
2,930
7,12416
5,16062
2,14589
5,6699
2,95
5,7955
2,14117
7,7128
2,10200
5,1465
2,9324
5,12315
5,14664
2,11491
2,422
2,11994
5,434
5,12205
3,1303
2,1025
5,4273
5,2149
5,17564
2,15930
7,5273
5,397
4,243
2,16892
2,2451
5,207
3,276
2,9834
5,1724
7,360
7,4254
2,5846
8,16541
7,4687
5,4210
7,3250
2,86
2,157
8,10678
5,3652
7,4573
7,5653
2,17110
2,4366
5,5195
2,2369
2,7477
5,9455
5,16412
5,4363
7,11508
8,14597
5,9167
8,390
5,1262
2,569
5,7637
7,507
5,9700
8,14481
3,3511
2,2221
7,3423
5,6838
2,1036
3,1413
2,9759
2,11719
2,11838
9,7015
5,10916
2,971
2,885
5,16179
2,11650
5,15852
2,128
7,9177
8,12800
2,2007
8,14397
2,15644
5,9811
2,14545
5,13971
5,1902
5,16354
5,14225
9,979
7,4549
8,6117
2,9029
9,3534
5,14424
2,17009
5,10889
2,703
2,9745
5,15357
5,2059
7,2281
2,11331
5,11743
2,1300
5,1485
2,13645
2,2017
3,550
2,13218
2,10913
2,15259
2,15025
5,9706
7,4271
5,8171
7,5686
5,5581
2,1178
5,9067
5,1037
5,1141
5,149
2,13709
5,8750
5,5665
8,66
2,7167
2,824
2,8806
5,13642
5,2568
5,2530
5,3264
2,431
8,5990
8,5996
3,1340
5,3007
5,11580
5,26
7,3064
8,6745
5,6977
5,6761
5,7255
4,15299
5,862
3,10688
5,6773
5,376
2,320
2,13220
7,7698
2,12223
2,14622
6,1031
2,9659
2,15596
2,8585
2,13618
5,7082
5,2147
2,18364
2,1507
5,5767
2,4760
5,4447
2,14523
2,571
8,85
2,6546
7,3519
5,2574
5,7127
2,10203
5,2139
2,973
8,299
2,1180
4,8856
8,986
5,12080
5,10229
2,15762
2,11160
5,2543
5,7489
9,1484
2,380
8,11774
5,3028
5,16002
2,531
2,19463
4,5140
2,4113
5,1673
5,2063
2,17240
5,7050
7,9359
5,15555
8,14154
2,13021
5,1175
2,465
2,13867
2,14072
2,10660
2,19341
2,965
2,7131
5,2241
8,912
5,3411
5,11460
2,4382
2,20760
2,4963
5,7155
2,6731
2,7708
2,7837
7,12712
2,530
2,3590
5,12989
3,266
2,16932
5,783
2,17563
5,11876
2,368
5,5040
8,10391
2,7554
2,13062
5,10343
2,936
2,12170
2,2300
5,205
2,6837
2,20042
2,11323
2,14669
2,15842
8,14530
5,4380
2,585
3,3675
2,1114
5,1435
5,6776
5,256
5,1476
5,463
2,891
2,16925
2,9304
5,18613
8,4791
5,10964
5,13265
7,12551
2,758
2,7866
5,2555
5,82
5,6522
2,382
2,18565
2,8916
2,4593
7,4684
2,16975
3,2175
7,3485
5,11210
8,8970
2,4688
5,14673
2,12584
5,385
7,3530
2,10493
7,2087
2,13304
2,15908
5,9525
3,6734
2,1425
2,16895
2,9168
3,11884
7,10508
5,3173
5,16206
2,6500
5,3765
5,9858
5,14911
2,588
2,552
3,6840
2,11193
2,13531
2,6991
5,5889
2,15516
5,9270
5,15580
2,15287
2,878
7,215
8,832
3,2277
7,5212
2,14157
2,16141
5,4955
2,3301
2,6717
5,11465
2,12171
2,5747
5,7173
7,6898
2,15655
5,2520
2,6364
5,14936
2,12574
5,9748
5,2582
7,2274
2,9396
3,2165
2,5287
2,5202
8,1877
3,4567
5,197
5,17663
2,1298
5,8859
5,9792
7,9583
5,11574
2,19013
2,4114
3,2776
8,13863
5,708
2,874
5,2075
9,890
2,20276
4,2239
5,1515
5,6598
5,14721
5,9257
2,4847
3,1120
5,8706
3,1172
2,18299
5,15892
2,11725
5,347
3,3700
5,3197
4,5073
2,2505
8,12249
3,551
5,11767
2,13216
2,14223
8,1374
2,8961
2,1471
2,1394
8,935
2,15812
2,7867
2,957
7,8102
2,1275
5,1672
8,2487
5,410
5,7398
5,15273
8,716
8,10257
2,3397
7,1721
2,5743
2,14952
2,19292
9,869
2,11782
6,1662
2,17664
7,15968
8,14750
5,7397
5,457
2,654
9,1274
2,4178
3,8146
8,5941
2,16084
3,3263
2,1252
2,9208
2,663
5,291
2,4640
7,4149
2,864
5,16775
2,506
9,3535
7,9308
2,962
3,16244
5,16517
7,2140
2,4122
2,16898
7,1702
5,4068
2,15669
2,13578
2,4699
5,9314
7,11333
5,12099
5,9296
5,6341
2,11322
9,2403
8,6997
4,3261
2,9791
2,2298
5,3258
5,3689
2,684
5,7157
2,2330
2,1329
9,1380
2,7339
2,20581
5,20024
2,15125
9,1255
2,11781
7,9309
5,7348
3,9499
2,14495
5,925
2,4778
5,14388
5,7883
5,9246
7,6227
5,11750
8,4875
5,10558
2,5584
8,7005
5,3211
5,14881
2,780
8,11565
2,17963
5,3217
2,6618
2,4896
5,2079
3,3054
2,12181
2,11877
7,11875
7,10521
2,7952
8,1747
8,10962
7,5158
5,2433
2,16125
8,6706
9,2208
2,13916
2,17146
7,5286
7,5939
2,16937
3,1345
2,14145
2,11944
2,2194
6,251
5,12818
2,14368
5,466
2,6943
8,4987
5,2272
7,4051
2,17305
2,12014
2,16568
5,13375
2,2361
2,5279
2,14497
2,1723
5,6122
5,19930
5,10513
5,249
2,9793
4,3168
3,2527
9,1110
2,4348
2,2507
8,225
2,19569
2,16059
2,755
5,4489
2,6358
2,2400
5,10251
9,13634
2,17168
2,13822
2,15127
7,17968
2,5515
7,14676
2,412
5,4270
7,13483
2,5020
5,1070
5,21
3,2354
2,5624
5,4851
2,7327
5,536
6,4825
5,7254
3,4914
2,15687
5,12115
2,1126
5,459
7,8159
5,12148
5,8951
2,20498
5,9227
8,951
5,13136
2,246
5,3326
7,10786
5,14713
5,2037
3,7575
5,3196
5,10238
5,8168
7,3229
5,3001
3,9010
5,4872
2,4857
8,354
2,5164
5,7422
2,1052
2,11917
2,11836
5,7101
5,17925
2,8573
2,9731
5,2402
2,848
2,11780
2,18734
2,829
2,6523
2,148
5,5627
2,5119
5,2200
7,7634
5,641
2,14544
5,17875
3,13631
5,336
3,4642
9,922
2,1289
5,4583
2,17242
2,4576
2,6655
2,5720
5,3789
2,1058
5,398
5,362
5,2508
5,503
5,12164
7,339
5,9471
2,17568
2,9375
2,555
7,1028
5,7117
9,4337
2,17673
5,4956
2,18918
5,20613
8,632
8,1021
2,16200
2,7428
5,17696
4,4899
9,1061
2,17845
2,1745
2,517
5,578
2,17448
5,37
5,778
7,341
5,17033
2,10492
2,5015
5,7490
2,1992
7,2073
9,1118
2,19290
2,18119
5,2234
5,2326
5,8172
5,3785
7,13525
5,2034
2,14974
5,18569
8,14873
2,16176
5,9009
2,2667
5,7832
2,4067
2,15591
5,2095
8,405
2,11200
8,3205
5,18966
5,4882
3,7761
2,1081
7,760
2,1091
2,2220
2,11529
5,7244
2,855
3,8999
2,13768
8,4657
2,18625
5,3232
2,13344
2,3471
5,10567
6,241
5,11520
8,13866
5,14373
2,11908
2,1240
5,472
2,9602
5,3422
5,12015
2,3032
2,17372
5,5517
5,19335
8,7608
2,11812
5,6319
5,140
5,3050
8,1623
5,2308
5,14349
7,10922
2,6628
5,7375
5,2463
2,1056
2,16089
2,13436
5,7242
2,14341
5,15375
5,12030
5,14158
3,586
3,2355
5,7136
2,11180
5,13834
5,9943
5,10551
5,13240
2,12960
2,5945
2,13729
2,1177
2,17263
7,2573
2,10459
2,3328
7,6748
2,9277
5,2284
7,332
2,3239
5,498
2,1069
9,2518
9,1338
2,1129
2,10862
2,8745
8,11114
2,15841
3,11066
2,9400
5,3828
2,17248
2,16514
2,12174
5,7218
2,1020
2,7737
5,10277
2,8078
8,60
7,11624
2,12569
9,13625
5,13002
2,15448
5,2348
7,14106
5,6529
2,14078
5,8583
2,19293
2,17881
8,1123
2,18267
2,2138
2,2113
2,14254
7,624
2,18860
5,2575
2,16072
2,16894
5,14842
5,14824
5,2401
2,10110
2,13017
8,9657
5,338
2,16893
7,6989
2,10564
2,17147
5,17940
7,9049
2,845
2,18452
8,3015
2,10233
5,8752
5,3179
2,11427
2,16899
2,13893
5,20497
5,5585
2,13698
2,2533
9,3537
2,16578
3,9461
9,7838
5,1513
2,9379
2,11694
2,16088
7,9193
8,14850
2,13214
2,147
5,1810
2,5321
2,16117
2,16973
5,19274
5,2156
7,11625
2,15360
5,9914
8,6026
2,17173
2,11078
2,9906
7,10102
2,4175
2,6690
8,1800
8,13643
3,10653
3,6672
5,2446
8,57
5,9820
2,7341
8,638
5,766
5,14063
2,19283
5,3216
8,1801
2,17760
5,6425
7,14989
2,9701
7,4443
5,4895
5,3991
2,6704
5,2810
2,14463
2,11088
7,875
9,4824
5,1987
2,9736
5,13751
5,419
2,7598
5,10983
2,14200
7,3010
7,16615
2,13370
8,5006
7,7072
5,9685
2,3026
8,3018
5,11703
5,1964
2,1117
5,10479
7,7926
5,13852
8,9520
2,11620
2,11302
2,2717
3,8979
5,7811
7,4101
2,6418
2,715
5,9927
5,5061
2,125
2,14171
2,19562
5,13889
2,9783
5,7001
5,9704
5,240
7,5628
7,6130
8,9638
5,3522
5,3416
7,5356
2,9317
5,13853
2,14100
5,1754
2,5954
7,15928
2,20166
2,5211
7,5583
3,6863
5,61
2,1437
5,8955
5,2914
2,11975
5,2529
5,15336
2,13229
5,709
2,14253
5,8781
7,5282
2,17670
2,19787
5,19786
3,4543
5,14507
7,2519
2,9831
2,5519
2,11927
5,9806
2,717
2,1045
2,11194
2,5728
7,11201
7,18574
5,3548
2,306
5,12116
9,11365
7,8904
2,451
5,462
5,9223
8,15
2,5806
5,3682
2,14429
5,5126
7,13482
6,19475
2,6032
8,11055
2,15118
2,11340
2,3512
5,1039
5,16058
2,10463
4,2622
2,6619
8,8416
7,8416
3,420
3,13671
3,2509
3,5361
3,7487
3,961
3,6635
3,13722
3,509
3,162
4,16330
4,14306
4,1689
4,491
4,469
4,12979
5,13348
5,10661
5,9608
5,15883
5,19124
5,94
5,10259
5,4680
5,274
5,992
5,9032
5,9344
5,3764
5,17540
5,16052
5,4368
5,84
5,187
5,17257
5,214
5,12472
5,14167
5,4370
5,12473
5,7326
5,18277
5,224
5,5151
5,11434
5,4272
5,11971
5,16277
5,373
5,7328
5,443
5,473
5,4180
5,877
5,2040
5,910
5,16579
5,9143
5,3719
5,1393
5,418
5,14547
5,7702
5,12218
5,1682
5,493
5,3092
5,1121
5,1984
5,89
5,3667
5,15040
5,9862
5,17201
5,14246
5,15752
5,12612
5,3342
5,10704
5,151
5,13571
5,6308
5,15743
5,15761
5,1017
5,321
5,1023
5,404
5,12694
5,199
5,773
5,11637
5,15811
5,13228
5,978
5,2257
5,2522
5,12096
5,1219
5,13435
5,5587
5,9335
5,3496
5,13628
5,17864
5,11723
5,16057
5,15318
5,5620
5,2775
5,185
5,11237
5,14909
5,8324
5,10061
5,195
5,409
5,6333
5,4369
5,12031
5,1273
5,19938
5,2210
5,386
5,4929
5,10461
5,3968
5,3085
5,14625
5,16457
5,9313
5,16748
5,379
5,14618
5,10115
5,620
5,4448
5,6085
5,3106
5,710
5,1005
5,2033
5,10694
5,1497
5,426
5,14594
5,74
5,15774
5,1226
5,15364
5,2072
5,6332
5,538
5,14540
5,17931
5,8188
5,1396
5,15765
5,12251
5,11101
5,1342
5,13085
5,30
5,1733
5,9645
5,3612
5,1894
5,1210
5,190
5,5332
5,48
5,138
5,97
5,4884
5,9382
5,7253
5,5233
5,1150
5,11528
5,9981
5,2121
5,1060
5,5280
5,4133
6,2584
6,5487
6,4303
6,415
6,7126
6,14122
6,4321
6,627
6,6431
6,7346
6,3480
6,11737
6,3831
6,9551
7,15664
7,16047
7,9684
7,11717
7,357
7,10843
7,9136
7,4062
7,5558
7,2588
7,11751
7,7836
7,2020
7,745
7,1651
7,5194
7,1270
7,4004
7,1296
7,3234
7,3625
7,2513
7,7073
7,467
7,371
7,3750
7,5059
7,19106
7,12003
7,7256
7,9856
7,5016
7,633
7,9087
7,13008
7,13558
7,15105
7,14675
7,17202
7,12417
7,367
7,194
7,3458
7,4867
7,7204
7,6160
7,372
7,2145
7,353
7,15766
7,5266
7,2163
7,7363
7,6579
7,7089
7,16053
7,4066
7,17669
7,5197
7,9437
7,19910
8,5625
8,5572
8,519
8,7501
8,12900
8,9150
8,17089
8,6552
8,9147
8,11808
8,423
8,14008
8,3961
8,13484
8,13704
8,14877
8,13425
8,5721
8,488
8,6534
8,501
8,5105
8,3303
8,4985
8,7607
8,13865
8,389
8,6411
8,13474
8,14264
8,9758
8,6059
8,118
8,7636
8,8709
8,4502
8,11794
8,6969
8,988
8,914
8,814
8,5938
8,3569
8,14586
8,13864
8,75
8,747
8,6395
8,9962
8,14657
8,2252
8,9519
8,821
8,7075
8,4212
8,9816
8,13663
8,14116
8,2116
8,6792
8,9331
8,8248
8,8485
8,15629
8,2185
8,14405
8,12697
8,1665
8,514
8,5223
8,16380
8,8314
8,4420
8,261
8,9664
8,2468
8,1468
8,17023
8,8128
8,909
8,9711
8,9710
9,348
9,534
9,785
9,10108
9,3154
9,946
9,4428
9,1002
9,11550
9,15174
9,15986
9,902
9,497
9,2385
9,2720
9,1000
9,852
9,13061
9,5521
9,16087
9,13356
9,15985
9,5180
9,3680
9,1148
