game_id,genre_id
14627,96
5119,96
14594,96
19938,31
4272,89
16048,25
14158,96
34,25
6278,25
13971,96
9314,96
14373,96
1000,88
85,9
1374,9
891,7
827,6
10678,102
755,67
19463,2
957,6
274,6
224,6
4874,25
978,7
5587,32
654,22
4896,40
14497,6
20613,101
16176,101
1129,74
9645,6
17696,101
11020,101
3010,96
12352,101
1662,96
367,96
194,101
3050,96
7346,17
6130,101
12030,99
5517,82
2073,17
4101,96
4303,101
3028,96
9906,102
844,96
4004,89
7073,101
9748,102
10521,101
3422,9
11180,101
2163,101
362,101
1084,110
3789,110
13664,99
2433,89
149,110
4164,96
15318,102
571,96
15375,89
9400,96
13704,96
20444,99
3652,96
4255,96
925,82
466,96
8951,96
6534,82
1056,44
1273,96
5747,99
9992,99
841,99
11055,82
16237,96
17033,12
396,99
1437,96
2501,7
147,44
544,89
10913,89
1275,96
11780,99
1894,99
6619,58
15655,89
1262,96
2403,15
4824,15
4778,89
7101,96
4368,6
13807,96
15455,6
11725,12
7157,22
9227,67
8188,54
10479,26
733,37
2072,96
8710,93
1137,44
8709,93
10391,93
9519,93
7348,112
16380,93
1513,112
3991,31
9520,93
13332,93
7929,96
4374,20
12473,26
9107,26
7328,89
5710,102
5661,99
199,96
7637,81
13218,102
13642,26
5620,93
17240,26
409,93
16457,93
12181,81
17760,25
11528,89
5728,102
11340,58
48,96
15765,31
11917,96
15761,96
17202,99
10508,99
8856,96
4914,96
2775,40
14072,96
60,31
4212,96
5223,99
7811,96
782,31
1417,99
2509,96
8485,96
6792,99
12174,31
5158,96
261,96
747,31
11650,96
14171,96
16748,96
66,96
469,96
14488,31
4657,31
4114,96
1527,31
5941,31
5005,31
8860,31
2528,31
909,31
10647,96
6813,96
9736,96
4381,96
7049,96
784,96
501,96
14306,96
4113,96
13867,96
14530,31
1689,96
14952,96
4348,99
491,96
4899,96
1020,89
12979,96
2720,89
9067,25
3085,40
16927,32
10567,96
4148,96
3954,60
17540,96
1150,96
812,40
2385,40
1623,96
3154,31
19592,96
1125,31
15669,96
6026,31
14873,31
9791,99
2326,96
965,96
8750,99
2221,31
2622,96
11947,31
4875,31
8706,96
6085,96
12015,96
13729,96
2510,40
13643,96
9136,96
2101,31
11114,31
7837,31
78,25
9344,96
10656,96
9384,96
16568,96
3163,96
566,25
91,96
7326,31
983,96
16330,96
1207,96
9311,96
14547,96
7071,96
10764,96
11715,96
15752,31
11010,96
6148,89
390,31
17009,96
1037,31
8806,96
531,96
14909,96
19013,96
663,96
3258,96
684,96
2330,96
710,96
19930,25
9471,96
1210,96
3018,96
9927,96
13889,89
7001,98
5282,78
6431,96
2145,96
15928,96
2573,96
357,89
3781,96
9193,96
5628,96
8117,96
1665,9
8314,45
3928,40
4254,40
13483,40
16200,45
75,96
14,96
850,40
3064,96
1702,96
10492,96
15516,96
3234,89
507,96
5212,96
9437,96
4573,40
8159,40
7091,96
5516,96
3458,12
3519,96
11333,40
15580,96
17305,40
12569,96
12896,96
7128,40
11529,96
4213,40
1651,96
17670,40
2079,89
10786,96
7011,96
17563,96
18299,96
6227,96
20498,96
339,96
13525,96
15766,89
9701,40
11201,89
13482,96
977,57
1497,32
2667,40
4434,89
14463,96
17007,114
11647,96
14397,96
12800,31
10833,31
6395,31
14264,89
11774,31
10793,31
948,31
5625,31
519,31
12900,31
816,31
3630,31
14481,31
986,31
6997,31
14405,31
764,31
1040,31
832,31
7212,31
414,31
6798,31
354,31
3205,31
1123,31
10349,31
3496,32
5996,31
18565,31
4929,96
9375,60
599,32
932,31
4168,31
9150,114
430,7
641,96
559,96
16541,96
6676,31
13484,96
14678,32
9814,25
13515,32
6496,31
320,32
5596,32
14060,31
7598,96
8128,31
1066,31
716,40
13474,25
2505,89
1425,40
1178,96
10962,31
57,96
9147,32
12249,31
2314,31
3173,7
9914,96
12989,96
4956,96
11763,96
9856,96
12315,96
299,96
12115,96
2034,96
5273,96
13386,96
934,96
632,96
10108,96
95,40
4640,7
207,40
5679,31
523,40
15637,40
16615,40
5266,40
1810,40
6028,40
2248,31
3750,40
7155,40
14908,7
436,31
15299,31
16124,31
3480,40
7501,31
17928,31
1801,31
6131,40
6716,40
5653,40
8904,40
3051,40
4271,40
10102,40
9359,40
5584,40
2140,40
4443,40
8102,40
21,40
9308,40
7484,40
1121,40
1270,40
1793,40
12551,40
215,40
5356,40
5194,40
15832,31
9711,31
9816,31
5919,31
8970,31
3974,40
5197,40
1723,40
581,7
9659,40
2139,40
4684,40
1070,40
1300,40
463,40
1049,31
5627,31
7554,7
467,40
249,40
479,31
475,40
18574,40
4662,7
7127,40
10558,40
15448,40
4062,40
13558,40
8583,40
7072,40
14375,7
5020,7
12224,40
13852,40
1435,40
1422,40
13151,40
434,40
14225,40
2272,40
6748,40
7363,40
910,40
1021,40
5287,40
11782,7
5222,7
94,7
14246,7
3739,7
494,7
1415,7
715,40
7523,40
9089,40
2500,40
4549,40
5583,40
10,40
7397,40
1324,60
622,40
422,40
2241,7
6776,40
1226,40
17568,40
7117,40
2095,7
2156,60
5270,90
420,90
10049,54
2141,90
11971,104
16277,104
5418,54
12218,104
11,26
666,81
2217,67
15811,104
1413,90
8324,6
386,26
197,104
17663,96
1120,67
1172,67
3700,17
3968,54
379,104
16244,26
3689,96
3054,40
1345,63
10694,96
3229,27
9010,104
13631,81
1396,102
12251,64
586,96
13240,104
9461,67
19274,25
8979,40
13853,7
19293,2
8711,7
13865,45
18328,45
1296,102
12205,96
3625,96
15886,55
3026,102
81,96
11717,96
11323,105
4357,102
10039,45
19722,55
13629,45
14526,45
1688,55
14664,45
16892,45
86,96
15596,45
368,45
16895,45
12003,101
6898,101
17664,45
14750,45
13008,101
17146,45
5939,40
412,45
11836,30
2348,45
16894,45
17147,45
1180,44
7608,98
1289,79
13144,25
14713,67
2260,67
5279,67
11944,40
5233,96
4365,88
10922,112
7123,96
852,102
15360,96
237,96
2014,96
591,96
565,22
135,67
9509,25
968,96
5892,110
134,6
443,25
9620,6
16639,96
16753,60
493,67
89,102
19937,96
11141,25
6642,96
13696,44
773,96
10200,6
1025,25
1036,67
82,25
19106,96
9270,96
1005,25
7428,6
1091,25
10862,40
190,25
97,26
2121,96
6628,32
13435,96
5006,40
9050,96
404,25
7952,25
5518,31
534,31
6552,31
8810,96
5140,96
9331,31
8171,7
8573,25
6609,96
9638,40
15629,31
13660,31
8955,96
6117,40
10757,96
2148,40
3261,98
3168,98
15,7
11508,96
2543,96
9167,25
13056,7
13916,25
6032,96
12031,96
15364,25
10843,60
3979,60
1126,25
2529,25
10110,96
2233,32
3565,25
321,7
16327,25
7339,96
4987,96
5624,25
37,25
2308,40
419,7
766,45
425,50
962,50
655,7
4593,7
9223,96
555,44
4337,110
1338,110
5296,67
1380,82
226,72
5893,96
6635,90
13698,90
15986,6
348,15
584,7
5521,86
29,7
11586,96
972,90
455,96
953,7
12096,96
4847,102
16059,2
1117,90
451,96
2234,89
405,31
439,96
2239,102
6358,102
140,102
9664,89
13017,96
874,32
187,102
185,102
9071,102
14346,7
5311,102
1484,102
3680,31
7636,102
912,102
14116,102
4149,40
16946,89
14657,102
821,102
118,102
5990,31
935,31
10012,102
3303,102
4171,96
862,89
914,32
3779,96
5623,96
14145,96
6954,96
7035,102
14545,101
13344,47
8416,101
887,40
115,96
709,96
2184,35
497,67
2116,96
6160,96
13866,9
11461,25
9379,96
5572,114
14429,7
2400,6
14850,89
6704,6
969,101
5157,101
15017,101
5686,101
9793,96
2402,26
332,101
3015,96
2810,101
9918,90
1255,6
179,7
12037,86
4428,86
1697,86
2183,86
1639,19
3534,86
890,86
869,90
3535,86
2208,28
1110,86
13061,86
922,79
13356,86
1118,86
2518,86
13625,86
3537,86
11365,82
2321,99
5332,27
2534,44
3667,96
6500,25
5061,96
122,110
11169,20
157,20
3585,110
128,44
864,44
2507,110
373,20
6498,7
6308,67
19110,2
13259,2
10203,44
10660,2
17023,9
2914,96
13663,102
17257,7
30,7
7838,89
421,89
7415,25
2144,25
14974,96
2194,96
83,25
14721,25
15762,89
285,114
7356,99
16089,96
13370,32
921,110
9212,89
13841,44
11924,25
14223,102
12014,25
116,99
11722,102
2574,50
465,82
2210,96
13002,50
4175,32
19787,32
4681,90
14064,99
9742,79
10206,90
256,102
1476,93
14911,71
11781,96
4882,96
13722,110
5280,102
7761,33
14122,112
11737,82
413,98
5059,112
19562,101
16514,96
2061,96
415,96
11304,96
15930,96
9706,96
12818,17
3328,112
6579,112
1487,31
359,104
223,101
5558,112
5105,96
1175,104
11322,112
3217,104
6618,104
4825,112
14544,101
503,104
11427,112
3216,104
6425,104
5126,104
6694,7
7487,99
10229,102
11776,7
5481,7
12612,102
6411,9
5164,96
14341,102
13085,114
13634,15
15174,7
1061,7
15778,27
3926,96
389,27
988,99
8859,27
2487,27
9087,112
6943,112
18119,104
514,96
26,45
5806,89
9772,101
8472,96
1724,40
16057,96
18613,96
11302,96
5040,53
15127,96
10759,89
8100,96
9684,96
9735,89
4119,96
3479,96
7376,96
520,96
11751,96
5172,96
10889,96
5665,89
7255,96
14881,105
2284,96
14254,96
13893,96
4066,105
9525,93
2063,89
20581,93
10826,40
14842,102
4955,96
6773,96
7926,9
946,102
13709,102
7832,31
4447,96
836,45
16087,89
14200,96
1478,96
1393,96
17201,96
13574,96
16424,96
20024,96
1800,96
5323,31
13618,67
538,2
1060,96
19786,96
397,12
4687,101
14989,101
5938,9
11875,9
11565,31
5352,40
15664,9
13863,31
13870,96
9665,31
7836,40
11574,96
8752,40
3961,40
8595,40
6706,9
423,40
2023,40
10459,96
15841,30
395,25
258,25
16925,25
1277,32
13576,96
6523,96
19341,25
5963,25
9804,114
14596,96
718,25
11838,12
585,114
1471,99
13768,25
12472,25
6501,114
2202,25
15776,32
15939,102
17963,96
7341,96
10704,104
10653,37
4860,2
14597,102
2138,31
369,31
186,31
876,31
939,31
1747,31
254,31
13018,31
4051,7
92,31
2513,60
7204,101
240,63
1340,63
11595,26
2098,9
183,86
4089,102
7015,89
979,86
3569,112
11794,9
17263,82
4210,82
15812,96
512,25
5945,67
2276,99
5201,89
7992,105
9324,89
15555,96
845,25
15774,96
3239,96
456,25
13822,25
11550,7
3719,7
431,7
4760,7
1148,7
973,25
448,7
9552,7
543,7
5180,7
4663,7
20042,7
855,7
5660,96
2542,96
1329,7
809,96
12079,96
11732,7
10861,25
7541,96
2007,96
8916,7
4122,96
14495,96
17881,7
5286,40
74,96
1465,96
1342,96
9032,104
9862,104
14625,104
230,25
221,90
9852,89
93,6
5736,89
15932,6
930,110
5195,44
7477,90
2300,113
758,88
382,6
536,12
426,6
7244,96
2113,110
6690,6
306,113
371,101
3726,96
15357,89
385,102
347,7
15947,101
3211,110
16932,44
4448,89
13682,89
1141,89
336,111
1987,110
1031,112
9246,114
2575,114
13348,114
11723,102
10698,25
16775,58
7883,96
961,60
11066,112
4884,27
6333,67
8168,96
15040,31
624,96
528,102
4363,96
708,96
2401,40
9806,40
18569,89
2243,96
3511,12
6989,101
6557,96
2584,112
7126,112
9296,112
251,89
241,17
9551,112
11908,114
378,27
5978,27
16047,96
1135,27
745,27
5476,27
462,27
14349,89
10061,96
174,114
5670,2
10916,2
3106,2
14776,67
10673,114
2256,102
14832,114
7241,33
14977,33
16052,12
8809,2
533,96
19124,114
15356,96
14422,2
284,96
17231,89
5487,89
9225,112
16065,67
2522,96
15852,96
1485,96
3264,89
376,96
12080,58
13021,96
16206,17
7422,114
17875,96
578,96
17372,96
11812,96
7375,96
7136,96
3179,89
20497,96
5585,96
9317,96
9710,31
5519,96
3548,96
7607,96
9608,96
14540,96
6418,96
717,96
4791,31
824,7
4543,60
778,96
703,96
17004,7
4438,96
416,96
2252,96
588,96
1014,7
15804,7
11237,96
7490,96
9733,96
13578,96
1017,7
848,7
2119,40
77,7
9830,96
18364,7
162,60
13645,60
517,96
2017,96
13304,7
119,96
4674,96
3512,7
9372,96
14117,7
14157,7
5202,7
11194,96
9074,101
7634,101
3423,101
12712,101
14106,101
9049,101
19283,101
10362,101
14676,101
535,96
15273,96
8735,6
440,6
6353,6
4065,6
2093,6
15119,89
76,6
9307,32
575,26
7702,26
5189,114
928,6
12714,44
6731,89
4369,26
11884,26
878,7
13671,44
2075,89
7398,71
7254,96
18918,6
19335,96
1002,40
2185,21
8569,44
8567,44
11719,12
13550,44
6841,78
14622,44
13220,25
4701,102
506,71
2502,44
7707,96
5243,6
7881,6
15918,25
10541,102
936,6
11465,89
19292,25
1252,6
10251,89
138,71
2717,6
9309,96
16518,40
518,96
8373,96
627,102
2568,9
9278,40
5954,96
3411,40
16179,102
1672,96
902,60
3783,96
6444,96
11193,96
7218,96
15365,96
17864,96
1298,96
6319,96
875,96
10661,96
2200,96
7737,99
760,89
12697,96
3508,40
509,96
2033,40
9790,31
5515,96
513,31
10257,96
6558,40
3485,96
2087,40
1028,40
15001,96
17051,99
589,82
12114,82
951,82
5321,40
15968,96
5845,96
9909,31
14412,31
7005,82
20166,101
13341,31
515,31
10277,31
14443,12
992,25
14589,71
552,67
1052,25
17276,89
11939,89
1146,32
238,25
175,89
2214,25
8223,96
227,67
12176,25
5957,96
14791,78
1128,25
885,25
16975,25
8078,25
1992,25
2310,110
127,110
7131,44
505,96
380,82
2564,86
16050,30
1274,86
18277,96
214,89
125,26
3516,96
15883,96
11492,96
770,110
12574,32
3397,110
15118,25
6550,44
817,110
90,25
561,26
8947,44
4179,44
4650,67
392,44
8570,102
15508,26
2257,67
2451,25
15287,89
553,71
181,71
6800,71
12189,44
6121,44
13512,44
450,44
5712,44
883,96
11849,111
3640,44
4281,44
6891,2
583,25
542,67
16914,26
2504,79
10810,25
924,44
15522,2
13258,89
5151,67
873,7
211,96
121,102
5735,44
394,96
2588,96
193,89
418,109
2538,110
188,44
15670,26
14979,25
189,25
8918,44
16455,71
574,44
3342,96
11874,44
5272,44
13228,26
11491,89
9834,99
4366,25
14586,30
11331,44
2555,96
9168,110
3765,96
7867,7
5743,96
4699,44
2361,44
2037,96
4857,44
148,44
4576,44
5720,44
1177,44
10564,40
2533,96
16117,44
9981,26
11927,25
10463,25
814,32
6082,89
785,40
14030,82
14673,82
4382,82
243,96
313,99
1468,96
13424,32
13426,96
9321,89
843,89
14105,96
9700,89
7253,96
13486,50
17524,50
2468,82
9210,32
5890,82
5986,82
4985,96
177,40
4502,82
508,101
6059,99
9657,82
4963,40
1247,82
7075,82
225,82
14527,32
17447,44
15259,89
1045,44
16070,45
14008,96
9789,96
14877,25
16579,96
13215,89
15743,44
4174,110
2149,102
9759,96
13216,31
4658,6
5603,6
7362,28
6941,6
3120,95
17089,109
682,89
9757,7
4362,96
11808,20
9737,90
178,18
5588,6
2443,112
577,95
2991,95
375,90
12243,102
14406,102
10259,93
5657,6
4680,102
10619,90
3764,6
84,78
15064,101
3237,96
28,89
15210,102
14167,96
5331,28
4370,115
17567,6
5972,96
11108,89
2768,96
13425,55
9868,25
442,90
17255,25
7728,105
182,18
2990,95
12169,96
9319,89
11434,28
10640,96
481,96
14626,7
5721,6
9866,96
6326,96
9865,7
14667,2
488,31
960,48
13343,28
12,18
1251,6
8432,96
5420,95
473,28
1067,6
4180,33
877,115
2040,71
7316,102
18979,44
4367,7
3517,96
7261,96
8966,90
6282,96
9143,2
3634,102
11811,32
17373,7
437,96
1367,25
548,95
547,95
1682,96
2559,40
4854,96
2306,96
11869,101
3092,6
1009,7
1984,96
449,96
4260,90
9037,25
579,95
6337,96
15960,44
2992,95
14532,102
9641,56
15520,77
17628,26
9045,96
17915,104
5984,115
17195,95
4331,93
391,19
15549,31
13239,7
12091,104
13253,109
9758,59
563,95
9510,96
2020,115
2118,96
151,68
18780,96
18144,96
428,26
11881,89
7825,96
9513,22
558,95
18905,111
6994,96
13571,102
444,96
9692,110
17916,96
1023,115
344,93
12694,25
9844,25
5355,90
11637,6
2080,60
6969,6
1297,25
7181,28
3244,6
12416,101
16062,115
6699,95
7955,89
11994,44
1303,95
4273,96
17564,115
276,95
360,17
5846,6
3250,40
1219,25
17110,115
2369,6
9455,115
16412,115
569,82
6838,96
971,102
9177,101
9335,95
15644,2
9811,7
1902,112
16354,115
9029,115
14424,102
9745,22
2059,74
13864,93
2281,89
11743,96
13628,96
550,95
15025,25
5581,96
7167,96
2530,89
3007,89
11580,96
6745,96
6977,96
6761,96
10688,95
7698,112
12223,45
8585,110
7082,96
2147,96
1507,105
5767,68
14523,45
6546,6
11160,26
7489,115
16002,68
1673,96
7050,112
14154,90
9962,27
11460,96
20760,89
7708,18
530,115
3590,96
266,95
783,64
11876,99
13062,96
10343,71
12170,104
205,95
6837,96
14669,44
15842,45
4380,115
3675,95
1114,25
9304,22
10964,31
13265,95
7866,96
6522,96
2175,95
195,95
11210,96
4688,22
12584,90
3530,36
10493,71
15908,22
6734,95
9858,53
6840,95
13531,44
6991,115
5889,54
2277,26
16141,112
3301,2
6717,96
12171,93
7173,26
7256,115
2520,96
6364,28
14936,115
2582,9
2274,59
9396,2
2165,95
1877,36
4567,95
10461,68
4321,63
9792,25
9583,96
2776,93
20276,25
1515,96
6598,96
9257,96
15892,104
3197,113
5073,96
551,95
11767,59
8961,90
5016,2
633,96
1394,90
9313,33
410,6
14618,26
1721,101
457,96
4178,32
8146,95
16084,101
3263,95
9208,6
291,96
10115,95
15105,47
16517,96
14675,115
16898,45
4068,89
620,95
12099,96
6341,112
2298,30
15125,104
9499,96
14388,96
12417,96
11750,25
780,67
11877,96
16125,115
4867,40
16937,96
14368,102
8248,115
13375,115
6122,22
10513,18
2527,95
19569,96
4489,96
17168,45
17968,101
4270,96
2354,95
4851,90
7327,25
5361,104
15687,115
372,112
459,96
12148,96
13136,25
246,18
3326,96
7575,95
3196,24
10238,96
3001,89
4872,96
17925,96
9731,32
18734,96
829,90
4642,95
4583,89
17242,7
6655,99
1058,48
398,110
2508,79
6332,20
12164,102
17673,26
17845,67
1745,48
17448,115
341,101
5015,96
19290,90
8172,89
3785,96
9009,55
4067,25
15591,101
11200,2
18966,95
1081,25
2220,26
8999,95
18625,93
17931,96
3232,87
3471,115
11520,112
1240,102
472,96
9602,96
3032,96
11101,7
2463,93
13436,96
7242,96
353,112
2355,95
13834,96
9943,89
1733,18
10551,96
12960,45
9277,102
498,96
1069,25
8745,102
3828,96
17248,89
11624,112
15985,87
6529,26
14078,89
3831,104
18267,101
3612,26
18860,96
16072,96
14824,54
4420,96
338,24
16893,45
17940,96
18452,115
10233,7
16899,115
7089,89
16578,96
11694,25
16088,101
13214,96
16973,101
11625,112
16053,59
17173,45
11078,6
6672,95
2446,26
9820,104
638,96
14063,96
4895,96
11088,89
13751,89
10983,71
9382,89
9685,96
11703,115
1964,60
11620,115
9783,36
9704,115
3522,96
3416,7
17669,112
14100,26
1754,26
5211,90
6863,95
61,96
11975,112
15336,96
13229,114
14253,99
8781,93
14507,102
2519,115
9831,6
12116,41
4133,53
3682,96
19475,63
19910,96
1039,67
16058,22
8583,53
10349,64
15629,70
6028,84
15629,59
10349,70
5006,70
914,72
9147,72
8583,93
7212,104
414,104
6028,113
523,113
15637,113
16615,113
4062,113
12224,113
5653,113
4791,113
716,113
13558,113
15832,97
18364,95
6028,90
523,90
15637,90
16615,90
5005,87
8860,87
6131,84
2119,84
15629,74
534,72
785,72
4168,72
9147,70
5006,68
10567,68
1031,59
8583,55
1049,50
6444,48
914,41
14488,41
10349,36
7212,36
414,36
848,36
14678,22
9830,2
14678,6
9814,6
1049,9
8569,18
4791,22
6444,26
1289,28
5005,36
8860,36
10793,36
764,36
1040,36
948,36
2101,36
11650,36
11774,36
832,36
14171,36
716,37
6676,41
13578,41
6792,41
12174,41
7212,45
414,45
3783,48
15832,50
3480,54
4051,57
5282,59
14488,64
2528,64
12800,64
534,67
785,68
4168,68
1031,68
876,68
939,68
914,70
9210,70
6501,70
177,70
12472,70
13515,70
5986,72
812,72
3154,72
5296,72
814,72
2385,72
1000,72
16087,72
1148,72
6131,74
1417,74
3485,74
9308,74
10786,74
9147,84
11719,84
6558,87
48,87
4062,90
13558,90
18364,90
10567,90
10349,90
258,90
186,90
5518,90
910,90
12224,93
5653,93
523,93
15637,93
16615,93
5006,93
92,93
2148,93
13018,93
1021,93
6028,97
7501,97
405,100
8583,101
15629,109
848,110
11782,110
2119,113
7523,113
9089,113
2510,113
2087,113
5287,113
4149,113
469,113
15,113
6676,113
9147,113
11719,113
1810,113
7072,113
5356,113
8904,113
1417,112
15629,112
3519,112
12800,111
10567,111
479,111
5223,111
9830,110
6444,105
12472,104
6550,104
10229,104
10257,104
8485,104
13643,104
5287,102
92,101
13018,101
5194,101
11782,99
469,97
436,97
15299,97
13435,95
3085,95
16514,95
4066,95
716,93
876,93
939,93
6131,93
3485,93
9308,93
10786,93
6558,93
10349,93
186,93
910,93
7523,93
9089,93
2510,93
2087,93
5516,93
5352,93
2500,93
9278,93
836,93
475,93
6716,93
4549,93
5990,93
467,93
935,93
1028,93
4443,93
7598,93
9638,93
5954,93
5583,93
5005,90
8860,90
11774,90
9167,90
703,90
249,90
845,90
15968,87
760,87
1289,84
177,84
812,84
5296,84
2385,84
3051,84
4271,84
874,84
715,84
1468,84
1049,82
1031,81
5282,74
48,74
4062,74
13558,74
4149,74
4573,74
17202,74
9309,74
8159,74
10102,74
599,72
887,72
14346,72
1002,72
11550,72
821,72
5180,72
405,71
814,70
809,70
2233,70
313,70
10962,70
5986,68
16087,68
15,68
4171,68
13870,68
5158,68
1623,68
9814,67
932,67
3496,67
431,67
4760,67
13822,67
13341,64
1487,64
14589,64
11508,64
12115,64
3480,63
4447,63
12896,59
1651,59
12352,59
16541,59
3028,59
1662,59
6431,59
11529,59
2145,59
7811,59
4101,59
15928,59
2101,58
5518,58
848,58
15947,56
6117,56
371,56
5653,55
523,55
15637,55
16615,55
5006,55
7127,54
10558,54
14463,54
10793,50
948,50
11650,50
14171,50
4051,50
2528,50
534,50
1021,50
6028,50
7501,50
16748,50
11193,48
7218,48
12224,45
8583,45
456,41
16048,41
1527,41
9816,41
12697,41
11114,41
6792,36
12174,36
14488,36
785,36
4168,36
914,36
9210,36
3154,36
5625,36
519,36
12900,36
5890,36
816,36
10012,36
13704,36
16946,36
3630,36
4502,36
14481,36
986,36
7554,36
6997,36
3261,36
14405,36
4657,36
13370,36
909,36
14678,33
2148,33
1000,28
83,28
3719,28
1300,28
2667,28
764,26
3783,26
14908,26
77,22
13550,22
13578,19
16925,18
1040,9
832,9
7212,9
414,9
15832,9
8569,6
4791,6
6501,6
13515,6
1148,6
18364,6
258,6
2119,6
5222,6
94,6
11461,6
14246,6
4663,6
6628,6
1747,2
812,113
5296,113
2385,113
1468,113
12115,113
1651,113
456,113
12697,113
1300,113
2243,113
11333,113
1126,113
855,113
15765,113
17202,112
12896,112
60,112
405,111
2667,111
439,111
4212,111
12800,110
5223,110
431,110
4760,110
10833,110
5679,109
6131,105
6716,105
7811,105
5653,105
3783,105
6395,105
16514,104
4066,104
16541,104
16048,104
5323,104
782,104
4382,104
9525,104
19938,104
13866,104
8416,104
8314,104
14842,104
14850,104
5356,102
5194,102
910,102
1049,102
13341,102
1487,102
1021,102
15832,102
4791,102
13660,102
5627,102
9711,102
7072,101
1417,101
3485,101
7523,101
9089,101
2510,101
2087,101
2500,101
4549,101
467,101
1028,101
5583,101
4062,101
13558,101
4149,101
523,101
15637,101
16615,101
2148,101
1747,101
4434,101
1289,100
515,99
785,97
3261,97
10,97
11763,97
3168,97
733,95
2061,95
3511,95
2509,95
9246,95
4914,95
7487,95
2072,95
14349,95
162,95
8904,93
10257,93
13643,93
249,93
177,93
3051,93
4271,93
4573,93
8159,93
10102,93
7127,93
10558,93
13704,93
16946,93
4502,93
9772,93
423,93
8595,93
3961,93
9136,93
7091,93
2023,93
8472,93
7128,93
5938,93
9359,93
14657,93
5584,93
11875,93
6706,93
5286,93
6160,93
14873,93
5266,93
7737,93
6550,90
8485,90
1623,90
9816,90
6792,90
12174,90
13370,90
3719,90
425,90
20444,90
122,90
14264,90
9733,90
921,90
404,90
13645,90
9067,90
19341,90
7837,90
588,90
13863,90
962,90
2140,90
7952,90
517,90
766,90
5197,90
13018,89
1017,89
3508,87
589,87
12114,87
951,87
11737,87
9657,87
887,84
1002,84
814,84
1000,84
14443,84
5963,84
13486,84
17524,84
13663,84
1810,82
6444,82
11774,82
5518,82
848,82
10793,82
948,82
4051,82
534,82
6028,82
5625,82
519,82
12900,82
816,82
3630,82
14481,82
986,82
6997,82
14405,82
764,82
1040,82
832,82
7212,82
414,82
6552,82
2248,82
8810,82
6798,82
3750,82
5140,82
7155,82
9331,82
354,82
3205,82
1123,82
5282,81
874,79
8569,79
413,77
10229,74
15968,74
760,74
13870,74
5158,74
12352,74
11529,74
5273,74
1435,74
2079,74
5515,74
2073,74
261,74
9906,74
13424,72
10108,72
2184,72
946,72
747,72
4963,72
891,72
497,72
1380,72
13634,72
852,72
3680,72
7838,72
2622,72
11461,71
7832,71
599,70
2321,70
15040,70
14527,70
6059,70
1178,70
4778,70
19293,70
10962,68
1662,68
1247,68
243,68
3234,68
862,68
12989,68
4955,68
11055,68
12472,67
914,67
3154,67
14678,67
14908,67
6501,67
1148,67
258,67
2119,67
4663,67
9071,67
34,67
16932,67
15986,65
11939,64
10673,64
5954,63
1031,63
9309,63
6431,63
2145,63
4101,63
15928,63
371,63
4303,63
3458,63
313,59
15947,59
6117,59
14030,59
9074,59
11647,59
6534,59
8711,59
11020,59
13865,59
6082,59
4687,59
14397,59
8750,59
75,59
14673,59
9856,59
367,59
11565,59
7634,59
2573,59
624,59
2575,59
6989,59
14989,59
3010,59
2529,59
10349,58
186,58
821,58
3496,58
11650,58
14171,58
16748,58
7554,58
77,58
118,58
8171,58
11508,56
3569,56
66,56
5352,55
836,55
4443,55
715,55
8102,55
57,55
2034,54
14463,53
10567,50
479,50
469,50
436,50
15299,50
876,50
939,50
5990,50
935,50
932,50
14488,50
10012,50
4657,50
9790,50
2101,49
12224,49
1497,48
9830,44
13822,44
6628,44
16124,41
18277,41
13474,41
7636,41
2221,41
320,41
7075,41
4114,41
225,41
8168,41
1723,39
627,37
8128,37
14346,36
5986,36
16087,36
15,36
1527,36
11114,36
9909,36
5311,36
1066,36
3303,36
14412,36
2239,36
5941,36
3085,33
475,33
9638,33
5287,32
11782,32
5222,32
94,32
14246,32
3739,32
11550,28
817,28
396,28
1146,28
9212,28
2017,28
973,28
552,28
1992,28
1437,28
7598,26
4447,26
11193,26
7218,26
9608,26
369,26
15365,26
10843,26
3979,26
15761,26
17864,26
21,26
14594,26
5119,26
14540,26
10110,26
3519,24
9308,24
10786,24
5516,24
10508,24
13435,22
2256,22
13841,22
11924,22
285,22
13304,22
2505,22
9278,20
14589,18
11169,18
157,18
14622,18
2194,18
3480,17
8583,17
6676,15
18364,12
92,9
5005,9
8860,9
2528,9
7501,9
9147,6
11719,6
9167,6
703,6
845,6
5180,6
809,6
2233,6
3028,6
9210,6
5890,6
83,6
13550,6
13578,6
16925,6
8567,6
395,6
4438,6
416,6
5845,6
12079,6
2202,6
494,6
7607,6
13576,6
1277,6
3652,6
4640,6
8573,6
555,6
1056,6
15629,2
716,2
6558,2
48,2
4171,2
9814,2
5006,2
4168,2
909,2
13515,2
9150,2
10647,2
6813,2
5919,2
4148,2
1665,2
3239,2
9736,2
3783,114
6444,114
6628,114
11193,114
7218,114
15365,114
17864,114
845,114
15774,114
1289,113
887,113
1002,113
814,113
14443,113
13663,113
1497,113
992,113
535,113
95,113
15273,113
7737,112
5282,112
6431,112
2145,112
15928,112
371,112
6082,112
2573,112
357,112
3781,112
362,112
2234,112
9193,112
5628,112
13704,111
20444,111
3652,111
48,111
4255,111
8117,111
925,111
466,111
8951,111
15765,110
405,110
2667,110
439,110
4434,110
14463,110
369,110
395,110
4640,110
17007,110
11917,110
785,109
1031,109
555,109
207,109
14589,107
6160,105
15761,105
13435,105
7607,105
5006,105
1665,105
3239,105
9050,105
9246,104
19293,104
14030,104
11647,104
8711,104
13865,104
14397,104
14673,104
2575,104
13348,104
17257,104
18328,104
13144,104
14627,104
14545,104
11723,104
5040,104
15655,104
7204,104
14713,104
240,104
12800,102
10833,102
5679,102
6395,102
523,102
15637,102
16615,102
5266,102
14264,102
404,102
7952,102
1810,102
11774,102
5518,102
10793,102
948,102
534,102
6028,102
5625,102
519,102
12900,102
816,102
3630,102
14481,102
986,102
6997,102
14405,102
764,102
1040,102
832,102
7212,102
414,102
6552,102
2248,102
8810,102
6798,102
3750,102
5140,102
7155,102
9331,102
354,102
3205,102
1123,102
14908,102
10349,102
186,102
3496,102
8171,102
436,102
15299,102
876,102
939,102
16124,102
9608,102
5119,102
14540,102
3480,102
7501,102
8573,102
17928,102
6609,102
5996,102
18565,102
4929,102
1801,102
6418,102
717,102
17202,101
6131,101
6716,101
5653,101
8904,101
3051,101
4271,101
10102,101
5938,101
9359,101
5584,101
11875,101
5286,101
2140,101
760,101
9309,101
11565,101
5352,101
4443,101
8102,101
9638,101
21,101
9308,101
10508,101
15629,101
15664,101
7484,101
1121,101
16518,101
1270,101
1793,101
12551,101
215,101
1000,100
552,100
1052,100
456,99
5356,99
5194,99
13341,99
1487,99
15832,99
4791,99
13660,99
9711,99
1747,99
9816,99
13822,99
14594,99
5919,99
254,99
8970,99
8955,99
12697,97
4382,97
243,97
2239,97
8856,97
515,96
13018,96
4051,96
92,96
9918,95
17276,95
9032,95
4368,95
2260,95
10698,95
9862,95
13807,95
10704,95
6694,95
3974,95
15455,95
824,95
1340,95
11725,95
14625,95
16775,95
7157,95
7883,95
5279,95
15127,95
9227,95
961,95
17696,95
6635,95
7761,95
8188,95
30,95
11066,95
13698,95
10653,95
4884,95
10479,95
4543,95
19938,93
13866,93
8314,93
14842,93
13863,93
766,93
5197,93
3508,93
13870,93
12989,93
4955,93
6117,93
9074,93
6534,93
7634,93
1723,93
581,93
518,93
9665,93
8373,93
7836,93
3928,93
4254,93
3423,93
26,93
6773,93
9659,93
2139,93
12712,93
4684,93
11574,93
13483,93
1070,93
4956,93
16200,93
509,93
14106,93
9049,93
8752,93
19283,93
5806,93
1300,90
4914,90
7838,90
11939,90
11550,90
1146,90
421,90
238,90
175,90
10757,90
2214,90
8223,90
227,90
12176,90
7415,90
5957,90
14791,90
2144,90
1128,90
885,90
2775,90
14072,90
463,90
16975,90
6333,90
14122,90
6358,90
9375,90
778,90
14974,90
140,90
8078,90
9664,90
1049,89
5627,89
3719,89
7554,89
258,88
703,88
17004,88
2098,87
85,87
1374,87
1255,85
891,84
13634,84
1992,84
827,84
2310,84
115,84
127,84
10678,84
7131,84
1298,84
755,84
2185,84
60,82
4212,82
5223,82
431,82
4760,82
7811,82
782,82
1417,82
467,82
2148,82
3261,82
11763,82
3168,82
2509,82
249,82
8485,82
6792,82
12174,82
5158,82
261,82
747,82
599,82
1148,82
9856,82
11650,82
14171,82
16748,82
66,82
479,82
469,82
932,82
14488,82
4657,82
4114,82
15,82
1527,82
5941,82
475,82
5005,82
8860,82
2528,82
4168,82
909,82
10647,82
6813,82
9736,82
4381,82
7049,82
784,82
501,82
14306,82
12315,82
299,82
4113,82
13867,82
14530,82
1689,82
14952,82
4348,82
491,82
4899,82
1020,82
12979,82
313,81
4438,79
416,79
9150,78
4272,78
8168,77
1468,74
12115,74
11737,74
15040,74
11020,74
75,74
624,74
3010,74
11508,74
14,74
505,74
528,74
850,74
4363,74
3064,74
2543,74
380,74
2252,74
708,74
1702,74
74,74
10492,74
2401,74
1800,74
709,74
9806,74
18574,74
15986,72
348,72
977,72
2564,72
183,72
584,72
16050,72
15174,72
4089,72
7015,72
979,72
19463,72
902,72
1274,72
2403,72
11944,72
2720,72
5521,72
4337,72
1061,72
1338,72
4824,72
8569,71
2194,71
83,71
16925,71
8567,71
1277,71
1056,71
1084,71
1273,71
5747,71
3789,71
13424,70
13426,70
9321,70
843,70
14105,70
9700,70
18569,70
7253,70
14850,68
13486,68
17524,68
413,68
3569,68
2034,68
18277,68
11794,68
1296,68
15516,68
13017,68
6704,68
2468,68
5233,68
16048,67
7487,67
9067,67
588,67
874,67
11461,67
3085,67
973,67
9167,67
9210,67
5890,67
16927,67
448,67
187,67
9552,67
543,67
1014,67
15804,67
13664,67
185,67
11237,67
7490,67
4365,64
430,64
641,64
2243,63
3511,63
12352,63
1662,63
3234,63
367,63
6989,63
627,63
6557,63
2584,63
2568,63
7126,63
9296,63
194,63
251,63
2033,63
241,63
3050,63
9551,63
733,59
2072,59
2321,59
969,59
8710,59
5157,59
1137,59
8709,59
15017,59
507,59
10391,59
9519,59
5059,59
5212,59
7348,59
7346,59
13344,59
11908,59
10922,59
16380,59
1513,59
9379,59
3991,59
7926,59
9520,59
19562,59
9437,59
9071,58
10567,58
9790,58
14346,58
5311,58
5180,58
4148,58
3954,58
17540,58
13056,58
4662,58
13916,58
1150,58
3961,57
5986,57
378,56
5978,56
16047,56
4985,56
1135,56
745,56
5476,56
3726,56
15357,56
385,56
5332,56
6130,56
462,56
177,55
4573,55
8159,55
7127,55
10558,55
4502,55
7091,55
5516,55
11719,55
508,55
15448,55
6032,55
16514,54
4066,54
9525,54
2061,54
14349,54
12205,54
3625,54
2063,54
10061,54
20581,54
6059,53
15886,53
559,53
812,50
2385,50
16541,50
4062,50
13558,50
8595,50
6706,50
1623,50
10229,50
5515,50
3154,50
4663,50
19592,50
513,50
1125,50
15669,50
6026,50
10257,49
8583,49
6676,49
6558,49
174,48
214,48
13484,48
5670,48
10916,48
14721,48
3106,48
12030,48
125,48
3458,47
3519,47
6319,47
875,47
7072,45
3485,45
2087,45
1028,45
14873,45
9278,45
15001,45
9733,44
14678,44
13578,44
9814,44
13515,44
20042,44
12031,44
15364,44
7123,41
17051,41
15762,41
1484,41
506,41
9791,41
2326,41
3026,41
965,39
8416,37
8750,37
2221,37
589,36
12114,36
951,36
9657,36
10108,36
946,36
4963,36
852,36
3680,36
2622,36
1247,36
7636,36
7075,36
225,36
11776,36
11947,36
912,36
347,36
14116,36
4875,36
2433,36
15360,36
2184,34
497,34
5517,33
1017,32
848,32
2119,32
77,32
9830,32
18364,32
14375,32
5020,32
4149,30
12224,30
6496,30
13852,30
320,28
3516,28
15883,28
9992,28
841,28
81,28
11717,28
11492,28
5596,28
770,28
237,28
13709,28
1180,28
11323,28
12574,28
957,28
3397,28
15118,28
7832,27
4447,27
10843,27
3979,27
14060,27
149,27
5321,27
11333,26
15968,26
5273,26
1435,26
2073,26
11055,26
5954,26
4101,26
4303,26
15947,26
285,26
3028,26
13550,26
10661,26
1422,26
16237,26
7356,26
13151,26
434,26
397,26
14225,26
3411,26
15580,26
8706,26
6085,26
2272,26
17305,26
2200,26
17033,26
12015,26
14158,26
13729,26
6748,26
12569,26
7363,26
910,25
1021,25
5287,25
11782,25
5222,25
94,25
14246,25
3739,25
494,25
1415,25
12896,24
9772,24
8472,24
7128,24
11529,24
4687,24
14989,24
4213,24
6550,22
817,22
90,22
561,22
8947,22
4179,22
4650,22
392,22
14776,22
8570,22
15508,22
2257,22
2451,22
415,22
15287,22
16089,22
162,20
423,20
2023,20
836,20
5845,20
13576,20
553,18
181,18
6841,18
2534,18
6800,18
3667,18
4210,18
6500,18
15812,18
6523,18
5061,18
7598,17
715,15
7523,9
9089,9
2510,9
2500,9
4549,9
5583,9
13643,9
16946,9
9136,9
14657,9
821,9
118,9
5990,9
935,9
10012,9
2101,9
8128,9
11114,9
1066,9
3303,9
716,9
4171,9
5296,6
1651,6
1126,6
855,6
13370,6
425,6
122,6
921,6
13645,6
19341,6
7837,6
962,6
517,6
5963,6
9906,6
1380,6
14527,6
10673,6
13474,6
396,6
9212,6
2017,6
1437,6
2256,6
13841,6
11924,6
13304,6
2505,6
11169,6
157,6
14622,6
5660,6
9804,6
14832,6
78,6
7241,6
2501,6
2542,6
17447,6
14977,6
14596,6
9344,6
16052,6
119,6
8809,6
13386,6
533,6
4674,6
3585,6
655,6
718,6
512,6
11838,6
128,6
15259,6
13220,6
585,6
1425,6
14223,6
1471,6
864,6
1329,6
2116,6
3211,6
12014,6
2507,6
13768,6
5945,6
147,6
17670,6
1045,6
3512,6
5323,2
10,2
2079,2
1178,2
4778,2
10962,2
862,2
12472,2
914,2
6501,2
34,2
16932,2
2529,2
57,2
16087,2
9909,2
14412,2
10110,2
10786,2
9147,2
809,2
2233,2
12079,2
2202,2
3779,2
15776,2
10656,2
9384,2
5623,2
12249,2
7397,2
4448,2
14145,2
16568,2
14200,2
14627,114
5119,114
14594,114
19938,114
4272,114
16048,114
14158,114
34,114
6278,114
13971,114
9314,114
14373,114
1000,113
85,113
1374,113
891,113
827,113
10678,113
755,113
19463,113
957,113
274,113
224,113
4874,113
978,113
5587,113
654,113
4896,113
14497,113
20613,113
16176,113
1129,113
9645,113
17696,112
11020,112
3010,112
12352,112
1662,112
367,112
194,112
3050,112
7346,112
6130,112
12030,112
5517,112
2073,112
4101,112
4303,112
3028,112
9906,112
844,112
4004,112
7073,112
9748,112
10521,112
3422,112
11180,112
2163,112
362,111
1084,111
3789,111
13664,111
2433,111
149,111
4164,111
15318,111
571,111
15375,111
9400,111
13704,110
20444,110
3652,110
4255,110
925,110
466,110
8951,110
6534,110
1056,110
1273,110
5747,110
9992,110
841,110
11055,110
16237,110
17033,110
396,110
1437,110
2501,110
147,110
544,110
10913,110
1275,110
11780,110
1894,110
6619,110
15655,109
1262,109
2403,107
4824,107
4778,105
7101,105
4368,104
13807,104
15455,104
11725,104
7157,104
9227,104
8188,104
10479,104
733,104
2072,104
8710,104
1137,104
8709,104
10391,104
9519,104
7348,104
16380,104
1513,104
3991,104
9520,104
13332,104
7929,104
4374,104
12473,104
9107,104
7328,104
5710,104
5661,104
199,104
7637,104
13218,104
13642,104
5620,104
17240,104
409,104
16457,104
12181,104
17760,104
11528,104
5728,104
11340,104
48,102
15765,102
11917,102
15761,102
17202,102
10508,102
8856,102
4914,102
2775,102
14072,102
60,102
4212,102
5223,102
7811,102
782,102
1417,102
2509,102
8485,102
6792,102
12174,102
5158,102
261,102
747,102
11650,102
14171,102
16748,102
66,102
469,102
14488,102
4657,102
4114,102
1527,102
5941,102
5005,102
8860,102
2528,102
909,102
10647,102
6813,102
9736,102
4381,102
7049,102
784,102
501,102
14306,102
4113,102
13867,102
14530,102
1689,102
14952,102
4348,102
491,102
4899,102
1020,102
12979,102
2720,102
9067,102
3085,102
16927,102
10567,102
4148,102
3954,102
17540,102
1150,102
812,102
2385,102
1623,102
3154,102
19592,102
1125,102
15669,102
6026,102
14873,102
9791,102
2326,102
965,102
8750,102
2221,102
2622,102
11947,102
4875,102
8706,102
6085,102
12015,102
13729,102
2510,102
13643,102
9136,102
2101,102
11114,102
7837,102
78,102
9344,102
10656,102
9384,102
16568,102
3163,102
566,102
91,102
7326,102
983,102
16330,102
1207,102
9311,102
14547,102
7071,102
10764,102
11715,102
15752,102
11010,102
6148,102
390,102
17009,102
1037,102
8806,102
531,102
14909,102
19013,102
663,102
3258,102
684,102
2330,102
710,102
19930,102
9471,102
1210,102
3018,102
9927,102
13889,102
7001,102
5282,101
6431,101
2145,101
15928,101
2573,101
357,101
3781,101
9193,101
5628,101
8117,101
1665,101
8314,101
3928,101
4254,101
13483,101
16200,101
75,101
14,101
850,101
3064,101
1702,101
10492,101
15516,101
3234,101
507,101
5212,101
9437,101
4573,101
8159,101
7091,101
5516,101
3458,101
3519,101
11333,101
15580,101
17305,101
12569,101
12896,101
7128,101
11529,101
4213,101
1651,101
17670,101
2079,101
10786,101
7011,101
17563,101
18299,101
6227,101
20498,101
339,101
13525,101
15766,101
9701,101
11201,101
13482,101
977,100
1497,99
2667,99
4434,99
14463,99
17007,99
11647,99
14397,99
12800,99
10833,99
6395,99
14264,99
11774,99
10793,99
948,99
5625,99
519,99
12900,99
816,99
3630,99
14481,99
986,99
6997,99
14405,99
764,99
1040,99
832,99
7212,99
414,99
6798,99
354,99
3205,99
1123,99
10349,99
3496,99
5996,99
18565,99
4929,99
9375,99
599,99
932,99
4168,99
9150,99
430,99
641,99
559,99
16541,99
6676,99
13484,99
14678,99
9814,99
13515,99
6496,99
320,99
5596,99
14060,99
7598,99
8128,99
1066,99
716,99
13474,99
2505,99
1425,99
1178,99
10962,99
57,99
9147,99
12249,99
2314,99
3173,99
9914,99
12989,98
4956,98
11763,98
9856,98
12315,98
299,98
12115,98
2034,98
5273,98
13386,98
934,98
632,98
10108,97
95,96
4640,96
207,96
5679,96
523,96
15637,96
16615,96
5266,96
1810,96
6028,96
2248,96
3750,96
7155,96
14908,96
436,96
15299,96
16124,96
3480,96
7501,96
17928,96
1801,96
6131,96
6716,96
5653,96
8904,96
3051,96
4271,96
10102,96
9359,96
5584,96
2140,96
4443,96
8102,96
21,96
9308,96
7484,96
1121,96
1270,96
1793,96
12551,96
215,96
5356,96
5194,96
15832,96
9711,96
9816,96
5919,96
8970,96
3974,96
5197,96
1723,96
581,96
9659,96
2139,96
4684,96
1070,96
1300,96
463,96
1049,96
5627,96
7554,96
467,96
249,96
479,96
475,96
18574,96
4662,96
7127,96
10558,96
15448,96
4062,96
13558,96
8583,96
7072,96
14375,96
5020,96
12224,96
13852,96
1435,96
1422,96
13151,96
434,96
14225,96
2272,96
6748,96
7363,96
910,96
1021,96
5287,96
11782,96
5222,96
94,96
14246,96
3739,96
494,96
1415,96
715,96
7523,96
9089,96
2500,96
4549,96
5583,96
10,96
7397,96
1324,96
622,96
422,96
2241,96
6776,96
1226,96
17568,96
7117,96
2095,96
2156,96
5270,95
420,95
10049,95
2141,95
11971,95
16277,95
5418,95
12218,95
11,95
666,95
2217,95
15811,95
1413,95
8324,95
386,95
197,95
17663,95
1120,95
1172,95
3700,95
3968,95
379,95
16244,95
3689,95
3054,95
1345,95
10694,95
3229,95
9010,95
13631,95
1396,95
12251,95
586,95
13240,95
9461,95
19274,95
8979,95
13853,95
19293,93
8711,93
13865,93
18328,93
1296,93
12205,93
3625,93
15886,93
3026,93
81,93
11717,93
11323,93
4357,93
10039,93
19722,93
13629,93
14526,93
1688,93
14664,93
16892,93
86,93
15596,93
368,93
16895,93
12003,93
6898,93
17664,93
14750,93
13008,93
17146,93
5939,93
412,93
11836,93
2348,93
16894,93
17147,93
1180,91
7608,91
1289,90
13144,90
14713,90
2260,90
5279,90
11944,90
5233,90
4365,90
10922,90
7123,90
852,90
15360,90
237,90
2014,90
591,90
565,90
135,90
9509,90
968,90
5892,90
134,90
443,90
9620,90
16639,90
16753,90
493,90
89,90
19937,90
11141,90
6642,90
13696,90
773,90
10200,90
1025,90
1036,90
82,90
19106,90
9270,90
1005,90
7428,90
1091,90
10862,90
190,90
97,90
2121,90
6628,89
13435,89
5006,89
9050,89
404,89
7952,89
5518,89
534,89
6552,89
8810,89
5140,89
9331,89
8171,89
8573,89
6609,89
9638,89
15629,89
13660,89
8955,89
6117,89
10757,89
2148,89
3261,89
3168,89
15,89
11508,89
2543,89
9167,89
13056,89
13916,89
6032,89
12031,89
15364,89
10843,89
3979,89
1126,89
2529,89
10110,89
2233,89
3565,89
321,89
16327,89
7339,89
4987,89
5624,89
37,89
2308,89
419,89
766,88
425,88
962,88
655,88
4593,88
9223,88
555,86
4337,86
1338,86
5296,86
1380,86
226,85
5893,85
6635,84
13698,84
15986,84
348,84
584,84
5521,84
29,84
11586,84
972,84
455,84
953,84
12096,84
4847,84
16059,84
1117,84
451,84
2234,82
405,82
439,82
2239,82
6358,82
140,82
9664,82
13017,82
874,82
187,82
185,82
9071,82
14346,82
5311,82
1484,82
3680,82
7636,82
912,82
14116,82
4149,82
16946,82
14657,82
821,82
118,82
5990,82
935,82
10012,82
3303,82
4171,82
862,82
914,82
3779,82
5623,82
14145,82
6954,82
7035,82
14545,81
13344,81
8416,81
887,79
115,79
709,79
2184,79
497,79
2116,79
6160,78
13866,78
11461,78
9379,78
5572,78
14429,78
2400,77
14850,74
6704,74
969,74
5157,74
15017,74
5686,74
9793,74
2402,74
332,74
3015,74
2810,74
9918,72
1255,72
179,72
12037,72
4428,72
1697,72
2183,72
1639,72
3534,72
890,72
869,72
3535,72
2208,72
1110,72
13061,72
922,72
13356,72
1118,72
2518,72
13625,72
3537,72
11365,72
2321,71
5332,71
2534,71
3667,71
6500,71
5061,71
122,71
11169,71
157,71
3585,71
128,71
864,71
2507,71
373,71
6498,71
6308,71
19110,70
13259,70
10203,70
10660,70
17023,68
2914,68
13663,67
17257,67
30,67
7838,67
421,67
7415,67
2144,67
14974,67
2194,67
83,67
14721,67
15762,67
285,67
7356,67
16089,67
13370,67
921,67
9212,67
13841,67
11924,67
14223,67
12014,67
116,67
11722,67
2574,67
465,67
2210,67
13002,67
4175,67
19787,67
4681,64
14064,64
9742,64
10206,64
256,64
1476,64
14911,64
11781,64
4882,64
13722,64
5280,64
7761,63
14122,63
11737,63
413,63
5059,63
19562,63
16514,63
2061,63
415,63
11304,63
15930,63
9706,63
12818,63
3328,63
6579,63
1487,60
359,59
223,59
5558,59
5105,59
1175,59
11322,59
3217,59
6618,59
4825,59
14544,59
503,59
11427,59
3216,59
6425,59
5126,59
6694,58
7487,58
10229,58
11776,58
5481,58
12612,58
6411,58
5164,58
14341,58
13085,58
13634,57
15174,57
1061,57
15778,56
3926,56
389,56
988,56
8859,56
2487,56
9087,56
6943,56
18119,56
514,56
26,55
5806,55
9772,55
8472,55
1724,55
16057,55
18613,55
11302,55
5040,54
15127,54
10759,54
8100,54
9684,54
9735,54
4119,54
3479,54
7376,54
520,54
11751,54
5172,54
10889,54
5665,54
7255,54
14881,54
2284,54
14254,54
13893,54
4066,53
9525,53
2063,53
20581,53
10826,53
14842,50
4955,50
6773,50
7926,50
946,50
13709,50
7832,50
4447,50
836,50
16087,50
14200,50
1478,50
1393,50
17201,50
13574,50
16424,50
20024,50
1800,49
5323,49
13618,48
538,48
1060,48
19786,48
397,47
4687,47
14989,47
5938,45
11875,45
11565,45
5352,45
15664,45
13863,45
13870,45
9665,45
7836,45
11574,45
8752,45
3961,45
8595,45
6706,45
423,45
2023,45
10459,45
15841,45
395,44
258,44
16925,44
1277,44
13576,44
6523,44
19341,44
5963,44
9804,44
14596,44
718,44
11838,44
585,44
1471,44
13768,44
12472,44
6501,44
2202,44
15776,44
15939,44
17963,44
7341,44
10704,41
10653,41
4860,41
14597,41
2138,41
369,40
186,40
876,40
939,40
1747,40
254,40
13018,40
4051,40
92,40
2513,40
7204,37
240,37
1340,37
11595,37
2098,36
183,36
4089,36
7015,36
979,36
3569,36
11794,36
17263,36
4210,33
15812,33
512,33
5945,33
2276,33
5201,33
7992,33
9324,33
15555,33
845,32
15774,32
3239,32
456,32
13822,32
11550,32
3719,32
431,32
4760,32
1148,32
973,32
448,32
9552,32
543,32
5180,32
4663,32
20042,32
855,32
5660,32
2542,32
1329,32
809,32
12079,32
11732,32
10861,32
7541,32
2007,32
8916,32
4122,32
14495,32
17881,32
5286,30
74,30
1465,30
1342,30
9032,28
9862,28
14625,28
230,28
221,28
9852,28
93,28
5736,28
15932,28
930,28
5195,28
7477,28
2300,28
758,28
382,28
536,28
426,28
7244,28
2113,28
6690,28
306,28
371,27
3726,27
15357,27
385,27
347,27
15947,27
3211,27
16932,27
4448,27
13682,27
1141,27
336,27
1987,27
1031,26
9246,26
2575,26
13348,26
11723,26
10698,26
16775,26
7883,26
961,26
11066,26
4884,26
6333,26
8168,26
15040,26
624,26
528,26
4363,26
708,26
2401,26
9806,26
18569,26
2243,26
3511,26
6989,26
6557,26
2584,26
7126,26
9296,26
251,26
241,26
9551,26
11908,26
378,26
5978,26
16047,26
1135,26
745,26
5476,26
462,26
14349,26
10061,26
174,26
5670,26
10916,26
3106,26
14776,26
10673,26
2256,26
14832,26
7241,26
14977,26
16052,26
8809,26
533,26
19124,26
15356,26
14422,26
284,26
17231,26
5487,26
9225,26
16065,26
2522,26
15852,26
1485,26
3264,26
376,26
12080,26
13021,26
16206,26
7422,26
17875,26
578,26
17372,26
11812,26
7375,26
7136,26
3179,26
20497,26
5585,26
9317,26
9710,26
5519,26
3548,26
7607,25
9608,25
14540,25
6418,25
717,25
4791,25
824,25
4543,25
778,25
703,25
17004,25
4438,25
416,25
2252,25
588,25
1014,25
15804,25
11237,25
7490,25
9733,25
13578,25
1017,25
848,25
2119,25
77,25
9830,25
18364,25
162,25
13645,25
517,25
2017,25
13304,25
119,25
4674,25
3512,25
9372,25
14117,25
14157,25
5202,25
11194,25
9074,24
7634,24
3423,24
12712,24
14106,24
9049,24
19283,24
10362,24
14676,24
535,22
15273,22
8735,22
440,22
6353,22
4065,22
2093,22
15119,22
76,22
9307,22
575,22
7702,22
5189,22
928,22
12714,22
6731,22
4369,22
11884,22
878,22
13671,22
2075,22
7398,22
7254,22
18918,22
19335,22
1002,20
2185,20
8569,20
8567,20
11719,20
13550,20
6841,20
14622,20
13220,20
4701,20
506,18
2502,18
7707,18
5243,18
7881,18
15918,18
10541,18
936,18
11465,18
19292,18
1252,18
10251,18
138,18
2717,18
9309,17
16518,17
518,17
8373,17
627,17
2568,17
9278,17
5954,17
3411,17
16179,17
1672,17
902,15
3783,12
6444,12
11193,12
7218,12
15365,12
17864,12
1298,12
6319,12
875,12
10661,12
2200,12
7737,9
760,9
12697,9
3508,9
509,9
2033,9
9790,9
5515,9
513,9
10257,9
6558,9
3485,9
2087,9
1028,9
15001,9
17051,9
589,9
12114,9
951,9
5321,9
15968,9
5845,9
9909,9
14412,9
7005,9
20166,8
13341,7
515,7
10277,7
14443,6
992,6
14589,6
552,6
1052,6
17276,6
11939,6
1146,6
238,6
175,6
2214,6
8223,6
227,6
12176,6
5957,6
14791,6
1128,6
885,6
16975,6
8078,6
1992,6
2310,6
127,6
7131,6
505,6
380,6
2564,6
16050,6
1274,6
18277,6
214,6
125,6
3516,6
15883,6
11492,6
770,6
12574,6
3397,6
15118,6
6550,6
817,6
90,6
561,6
8947,6
4179,6
4650,6
392,6
8570,6
15508,6
2257,6
2451,6
15287,6
553,6
181,6
6800,6
12189,6
6121,6
13512,6
450,6
5712,6
883,6
11849,6
3640,6
4281,6
6891,6
583,6
542,6
16914,6
2504,6
10810,6
924,6
15522,6
13258,6
5151,6
873,6
211,6
121,6
5735,6
394,6
2588,6
193,6
418,6
2538,6
188,6
15670,6
14979,6
189,6
8918,6
16455,6
574,6
3342,6
11874,6
5272,6
13228,6
11491,6
9834,6
4366,6
14586,6
11331,6
2555,6
9168,6
3765,6
7867,6
5743,6
4699,6
2361,6
2037,6
4857,6
148,6
4576,6
5720,6
1177,6
10564,6
2533,6
16117,6
9981,6
11927,6
10463,6
814,2
6082,2
785,2
14030,2
14673,2
4382,2
243,2
313,2
1468,2
13424,2
13426,2
9321,2
843,2
14105,2
9700,2
7253,2
13486,2
17524,2
2468,2
9210,2
5890,2
5986,2
4985,2
177,2
4502,2
508,2
6059,2
9657,2
4963,2
1247,2
7075,2
225,2
14527,2
17447,2
15259,2
1045,2
16070,2
14008,2
9789,2
14877,2
16579,2
13215,2
15743,2
4174,2
2149,2
9759,2
13216,2
